series,date,sales,volume,volume_sa
abs,2018-01-01,101059.462,118.117,117.249
abs,2018-02-01,97152.225,114.032,117.775
abs,2018-03-01,103777.25,121.689,117.75
abs,2018-04-01,99769.545,115.489,119.255
abs,2018-05-01,103705.123,120.131,120.384
abs,2018-06-01,106130.865,125.571,123.258
abs,2018-07-01,106450.962,125.001,124.798
abs,2018-08-01,107865.59,125.862,126.815
abs,2018-09-01,104716.819,122.634,122.181
abs,2018-10-01,106017.669,125.532,124.84
abs,2018-11-01,106190.454,124.503,125.784
abs,2018-12-01,109309.196,127.073,125.415
abs,2019-01-01,108943.917,127.431,126.651
abs,2019-02-01,103482.327,121.333,125.89
abs,2019-03-01,109437.571,127.824,124.216
abs,2019-04-01,105373.259,121.523,126.336
abs,2019-05-01,110797.421,128.121,128.412
abs,2019-06-01,112340.664,133.661,130.51
abs,2019-07-01,112540.232,132.864,131.662
abs,2019-08-01,114068.76,133.227,132.827
abs,2019-09-01,110621.307,129.957,130.685
abs,2019-10-01,111317.644,132.116,131.294
abs,2019-11-01,111697.846,131.566,132.594
abs,2019-12-01,115825.006,134.739,133.067
abs,2020-01-01,114776.278,134.4,130.15
abs,2020-02-01,108972.505,127.937,133.668
abs,2020-03-01,103182.074,120.052,120.422
abs,2020-04-01,66851.887,74.615,79.404
abs,2020-05-01,84440.371,97.211,100.972
abs,2020-06-01,102869.378,121.721,121.063
abs,2020-07-01,108652.893,127.745,126.963
abs,2020-08-01,111420.748,129.906,129.171
abs,2020-09-01,110992.081,130.555,129.254
abs,2020-10-01,110452.811,130.239,126.758
abs,2020-11-01,110395.235,129.668,127.186
abs,2020-12-01,116408.801,135.101,129.244
abs,2021-01-01,111845.709,131.209,126.346
abs,2021-02-01,108009.129,126.884,132.28
abs,2021-03-01,112734.46,130.684,130.749
abs,2021-04-01,111094.831,127.848,135.672
abs,2021-05-01,108241.362,123.65,128.848
abs,2021-06-01,92226.658,106.284,106.237
abs,2021-07-01,92678.686,106.595,106.387
abs,2021-08-01,100050.61,114.591,114.943
abs,2021-09-01,108113.689,123.268,121.521
abs,2021-10-01,116233.532,131.998,127.568
abs,2021-11-01,117559.834,132.83,129.528
abs,2021-12-01,120635.343,136.229,129.719
abs,2022-01-01,120184.635,135.628,131.349
abs,2022-02-01,117089.911,131.503,135.98
abs,2022-03-01,123773.353,136.874,136.158
abs,2022-04-01,127983.599,140.638,151.506
abs,2022-05-01,129503.813,141.809,145.6
abs,2022-06-01,132794.976,144.284,144.436
abs,2022-07-01,130393.181,142.189,144.511
abs,2022-08-01,133625.727,145.452,145.006
abs,2022-09-01,134015.12,146.048,144.956
abs,2022-10-01,133596.163,145.653,141.839
abs,2022-11-01,134263.833,145.913,142.574
abs,2022-12-01,137293.664,149.2,142.198
abs,2023-01-01,135130.133,147.13,142.768
abs,2023-02-01,133792.018,145.44,147.411
abs,2023-03-01,138497.306,149.761,151.496
abs,2023-04-01,135987.541,147.315,149.004
abs,2023-05-01,137996.067,148.315,150.344
abs,2023-06-01,138464.939,148.796,154.545
abs,2023-07-01,139692.409,149.904,156.364
abs,2023-08-01,142525.597,152.797,154.328
abs,2023-09-01,142718.61,152.692,151.869
abs,2023-10-01,142281.839,152.196,149.569
abs,2023-11-01,142581.672,152.712,149.839
abs,2023-12-01,143938.553,154.274,148.689
abs,2024-01-01,142407.447,152.322,151.869
abs,2024-02-01,141105.405,151.161,154.164
abs,2024-03-01,145722.829,155.058,153.477
abs,2024-04-01,144896.533,153.956,152.226
abs,2024-05-01,147850.211,156.802,158.416
abs,2024-06-01,145995.126,155.507,157.182
abs,2024-07-01,149031.123,158.153,161.3
abs,2024-08-01,149224.274,158.572,160.845
abs,2024-09-01,148180.946,158.035,158.867
abs,2024-10-01,150117.995,159.915,158.772
abs,2024-11-01,149332.359,158.668,156.366
abs,2024-12-01,152171.534,160.994,156.862
abs,2025-01-01,148909.775,158.111,158.111
abs,2025-02-01,148495.725,157.259,157.259
abs,2025-03-01,153982.12,162.803,162.803
abs,2025-04-01,151706.211,160.626,160.626
abs,2025-05-01,154341.395,163.436,163.436
abs,2025-06-01,152969.012,162.351,162.351
abs,2025-07-01,156429.912,165.383,165.383
abs,2025-08-01,156587.679,165.453,165.453
abs,2025-09-01,158010.775,166.534,166.534
abs,2025-10-01,160910.144,169.07,169.07
abs,2025-11-01,158949.632,166.989,167.041
abs,2025-12-01,163719.18,171.326,171.326
abs,2026-01-01,159769.819,167.292,167.313
abs,2026-02-01,156294.423,164.238,164.238
abs,2026-03-01,169016.911,169.976,169.976
abs,2026-04-01,174849.673,170.65,170.65
abs,2026-05-01,171282.763,168.455,168.455
growth_yoy,2019-01-01,7.802,7.886,8.019
growth_yoy,2019-02-01,6.516,6.402,6.89
growth_yoy,2019-03-01,5.454,5.042,5.491
growth_yoy,2019-04-01,5.617,5.225,5.938
growth_yoy,2019-05-01,6.839,6.651,6.669
growth_yoy,2019-06-01,5.851,6.443,5.884
growth_yoy,2019-07-01,5.72,6.29,5.5
growth_yoy,2019-08-01,5.751,5.851,4.741
growth_yoy,2019-09-01,5.639,5.971,6.96
growth_yoy,2019-10-01,4.999,5.245,5.17
growth_yoy,2019-11-01,5.186,5.673,5.414
growth_yoy,2019-12-01,5.961,6.033,6.101
growth_yoy,2020-01-01,5.354,5.469,2.763
growth_yoy,2020-02-01,5.305,5.443,6.178
growth_yoy,2020-03-01,-5.716,-6.08,-3.054
growth_yoy,2020-04-01,-36.557,-38.601,-37.149
growth_yoy,2020-05-01,-23.789,-24.125,-21.369
growth_yoy,2020-06-01,-8.431,-8.933,-7.239
growth_yoy,2020-07-01,-3.454,-3.853,-3.569
growth_yoy,2020-08-01,-2.321,-2.493,-2.752
growth_yoy,2020-09-01,0.335,0.461,-1.095
growth_yoy,2020-10-01,-0.777,-1.421,-3.455
growth_yoy,2020-11-01,-1.166,-1.443,-4.079
growth_yoy,2020-12-01,0.504,0.268,-2.873
growth_yoy,2021-01-01,-2.553,-2.374,-2.923
growth_yoy,2021-02-01,-0.884,-0.823,-1.038
growth_yoy,2021-03-01,9.258,8.856,8.576
growth_yoy,2021-04-01,66.181,71.345,70.863
growth_yoy,2021-05-01,28.187,27.197,27.608
growth_yoy,2021-06-01,-10.346,-12.682,-12.247
growth_yoy,2021-07-01,-14.702,-16.556,-16.206
growth_yoy,2021-08-01,-10.205,-11.789,-11.015
growth_yoy,2021-09-01,-2.593,-5.582,-5.983
growth_yoy,2021-10-01,5.234,1.35,0.639
growth_yoy,2021-11-01,6.49,2.439,1.841
growth_yoy,2021-12-01,3.631,0.836,0.368
growth_yoy,2022-01-01,7.456,3.368,3.96
growth_yoy,2022-02-01,8.407,3.64,2.797
growth_yoy,2022-03-01,9.792,4.736,4.137
growth_yoy,2022-04-01,15.202,10.004,11.671
growth_yoy,2022-05-01,19.644,14.686,13.001
growth_yoy,2022-06-01,43.988,35.753,35.956
growth_yoy,2022-07-01,40.694,33.391,35.835
growth_yoy,2022-08-01,33.558,26.932,26.155
growth_yoy,2022-09-01,23.958,18.48,19.285
growth_yoy,2022-10-01,14.938,10.345,11.187
growth_yoy,2022-11-01,14.209,9.849,10.072
growth_yoy,2022-12-01,13.809,9.521,9.62
growth_yoy,2023-01-01,12.435,8.481,8.694
growth_yoy,2023-02-01,14.264,10.599,8.406
growth_yoy,2023-03-01,11.896,9.415,11.265
growth_yoy,2023-04-01,6.254,4.748,-1.652
growth_yoy,2023-05-01,6.558,4.588,3.258
growth_yoy,2023-06-01,4.27,3.127,6.999
growth_yoy,2023-07-01,7.132,5.426,8.202
growth_yoy,2023-08-01,6.66,5.049,6.429
growth_yoy,2023-09-01,6.494,4.549,4.769
growth_yoy,2023-10-01,6.501,4.492,5.45
growth_yoy,2023-11-01,6.195,4.66,5.096
growth_yoy,2023-12-01,4.84,3.401,4.565
growth_yoy,2024-01-01,5.385,3.528,6.374
growth_yoy,2024-02-01,5.466,3.933,4.581
growth_yoy,2024-03-01,5.217,3.537,1.308
growth_yoy,2024-04-01,6.551,4.508,2.162
growth_yoy,2024-05-01,7.141,5.723,5.369
growth_yoy,2024-06-01,5.438,4.51,1.707
growth_yoy,2024-07-01,6.685,5.503,3.156
growth_yoy,2024-08-01,4.7,3.779,4.222
growth_yoy,2024-09-01,3.827,3.499,4.608
growth_yoy,2024-10-01,5.507,5.072,6.153
growth_yoy,2024-11-01,4.735,3.9,4.356
growth_yoy,2024-12-01,5.72,4.356,5.497
growth_yoy,2025-01-01,4.566,3.801,4.11
growth_yoy,2025-02-01,5.237,4.034,2.007
growth_yoy,2025-03-01,5.668,4.995,6.077
growth_yoy,2025-04-01,4.7,4.332,5.518
growth_yoy,2025-05-01,4.39,4.231,3.169
growth_yoy,2025-06-01,4.777,4.401,3.288
growth_yoy,2025-07-01,4.965,4.572,2.531
growth_yoy,2025-08-01,4.934,4.34,2.865
growth_yoy,2025-09-01,6.634,5.378,4.826
growth_yoy,2025-10-01,7.189,5.725,6.486
growth_yoy,2025-11-01,6.44,5.245,6.827
growth_yoy,2025-12-01,7.589,6.418,9.221
growth_yoy,2026-01-01,7.293,5.807,5.82
growth_yoy,2026-02-01,5.252,4.438,4.438
growth_yoy,2026-03-01,9.764,4.406,4.406
growth_yoy,2026-04-01,15.255,6.241,6.241
growth_yoy,2026-05-01,10.977,3.071,3.071
growth_mom,2018-02-01,-3.866,-3.458,0.449
growth_mom,2018-03-01,6.819,6.715,-0.021
growth_mom,2018-04-01,-3.862,-5.095,1.278
growth_mom,2018-05-01,3.945,4.019,0.947
growth_mom,2018-06-01,2.339,4.528,2.387
growth_mom,2018-07-01,0.302,-0.454,1.249
growth_mom,2018-08-01,1.329,0.689,1.616
growth_mom,2018-09-01,-2.919,-2.565,-3.654
growth_mom,2018-10-01,1.242,2.363,2.176
growth_mom,2018-11-01,0.163,-0.82,0.756
growth_mom,2018-12-01,2.937,2.064,-0.293
growth_mom,2019-01-01,-0.334,0.282,0.986
growth_mom,2019-02-01,-5.013,-4.786,-0.601
growth_mom,2019-03-01,5.755,5.35,-1.33
growth_mom,2019-04-01,-3.714,-4.929,1.707
growth_mom,2019-05-01,5.148,5.429,1.643
growth_mom,2019-06-01,1.393,4.324,1.634
growth_mom,2019-07-01,0.178,-0.596,0.883
growth_mom,2019-08-01,1.358,0.273,0.885
growth_mom,2019-09-01,-3.022,-2.455,-1.613
growth_mom,2019-10-01,0.629,1.662,0.466
growth_mom,2019-11-01,0.342,-0.416,0.99
growth_mom,2019-12-01,3.695,2.412,0.357
growth_mom,2020-01-01,-0.905,-0.252,-2.192
growth_mom,2020-02-01,-5.057,-4.809,2.703
growth_mom,2020-03-01,-5.314,-6.163,-9.91
growth_mom,2020-04-01,-35.21,-37.848,-34.062
growth_mom,2020-05-01,26.31,30.285,27.162
growth_mom,2020-06-01,21.825,25.212,19.898
growth_mom,2020-07-01,5.622,4.95,4.873
growth_mom,2020-08-01,2.547,1.691,1.739
growth_mom,2020-09-01,-0.385,0.5,0.064
growth_mom,2020-10-01,-0.486,-0.242,-1.931
growth_mom,2020-11-01,-0.052,-0.438,0.338
growth_mom,2020-12-01,5.447,4.189,1.618
growth_mom,2021-01-01,-3.92,-2.88,-2.242
growth_mom,2021-02-01,-3.43,-3.297,4.697
growth_mom,2021-03-01,4.375,2.996,-1.157
growth_mom,2021-04-01,-1.454,-2.17,3.765
growth_mom,2021-05-01,-2.568,-3.284,-5.03
growth_mom,2021-06-01,-14.795,-14.044,-17.549
growth_mom,2021-07-01,0.49,0.293,0.141
growth_mom,2021-08-01,7.954,7.501,8.042
growth_mom,2021-09-01,8.059,7.572,5.723
growth_mom,2021-10-01,7.51,7.082,4.976
growth_mom,2021-11-01,1.141,0.631,1.536
growth_mom,2021-12-01,2.616,2.559,0.147
growth_mom,2022-01-01,-0.374,-0.442,1.257
growth_mom,2022-02-01,-2.575,-3.041,3.526
growth_mom,2022-03-01,5.708,4.085,0.131
growth_mom,2022-04-01,3.402,2.75,11.272
growth_mom,2022-05-01,1.188,0.833,-3.898
growth_mom,2022-06-01,2.541,1.746,-0.799
growth_mom,2022-07-01,-1.809,-1.452,0.052
growth_mom,2022-08-01,2.479,2.295,0.343
growth_mom,2022-09-01,0.291,0.409,-0.034
growth_mom,2022-10-01,-0.313,-0.27,-2.15
growth_mom,2022-11-01,0.5,0.178,0.518
growth_mom,2022-12-01,2.257,2.253,-0.264
growth_mom,2023-01-01,-1.576,-1.387,0.401
growth_mom,2023-02-01,-0.99,-1.149,3.252
growth_mom,2023-03-01,3.517,2.971,2.771
growth_mom,2023-04-01,-1.812,-1.633,-1.645
growth_mom,2023-05-01,1.477,0.679,0.899
growth_mom,2023-06-01,0.34,0.324,2.794
growth_mom,2023-07-01,0.886,0.745,1.177
growth_mom,2023-08-01,2.028,1.93,-1.302
growth_mom,2023-09-01,0.135,-0.069,-1.594
growth_mom,2023-10-01,-0.306,-0.325,-1.514
growth_mom,2023-11-01,0.211,0.339,0.181
growth_mom,2023-12-01,0.952,1.023,-0.768
growth_mom,2024-01-01,-1.064,-1.266,2.139
growth_mom,2024-02-01,-0.914,-0.762,1.511
growth_mom,2024-03-01,3.272,2.578,-0.446
growth_mom,2024-04-01,-0.567,-0.71,-0.815
growth_mom,2024-05-01,2.038,1.849,4.067
growth_mom,2024-06-01,-1.255,-0.826,-0.779
growth_mom,2024-07-01,2.08,1.702,2.619
growth_mom,2024-08-01,0.13,0.265,-0.282
growth_mom,2024-09-01,-0.699,-0.338,-1.23
growth_mom,2024-10-01,1.307,1.19,-0.06
growth_mom,2024-11-01,-0.523,-0.78,-1.515
growth_mom,2024-12-01,1.901,1.466,0.317
growth_mom,2025-01-01,-2.143,-1.791,0.796
growth_mom,2025-02-01,-0.278,-0.539,-0.539
growth_mom,2025-03-01,3.695,3.526,3.526
growth_mom,2025-04-01,-1.478,-1.337,-1.337
growth_mom,2025-05-01,1.737,1.749,1.749
growth_mom,2025-06-01,-0.889,-0.664,-0.664
growth_mom,2025-07-01,2.262,1.868,1.868
growth_mom,2025-08-01,0.101,0.042,0.042
growth_mom,2025-09-01,0.909,0.653,0.653
growth_mom,2025-10-01,1.835,1.523,1.523
growth_mom,2025-11-01,-1.218,-1.231,-1.2
growth_mom,2025-12-01,3.001,2.597,2.565
growth_mom,2026-01-01,-2.412,-2.355,-2.342
growth_mom,2026-02-01,-2.175,-1.825,-1.838
growth_mom,2026-03-01,8.14,3.494,3.494
growth_mom,2026-04-01,3.451,0.396,0.396
growth_mom,2026-05-01,-2.04,-1.286,-1.286
